﻿<Ui xmlns:xsi="http://www.w3.org/2001/XMLSchema-instance" xmlns:xsd="http://www.w3.org/2001/XMLSchema" xmlns="http://www.blizzard.com/wow/ui/">
	<Script file="TabAgenda.lua"></Script>
	
	<Button name="AltoAgendaMenuItemTemplate" inherits="AltoMenuItemTemplate" hidden="false" virtual="true">
		<Size x="156" y="20" />
		<Scripts>
			<OnClick>
				Altoholic.Tabs.Agenda:MenuItem_OnClick(self:GetID())
			</OnClick>
		</Scripts>
	</Button>
	
	<Frame name="AltoholicTabAgenda" parent="AltoholicFrame">
		<Size x="758" y="447" />
		<Anchors>
			<Anchor point="TOPLEFT"/>
		</Anchors>
		<Layers>
			<Layer level="OVERLAY">
				<FontString name="$parentStatus" inherits="GameFontNormal" justifyH="LEFT">
					<Size x="320" y="24" />
					<Anchors>
						<Anchor point="BOTTOMRIGHT" x="-250" y="13" />
					</Anchors>
					<Color r="255" g="255" b="255" />
				</FontString>
			</Layer>
		</Layers>
		<Frames>
			<Button parentKey="MenuItem1" inherits="AltoAgendaMenuItemTemplate" id="1">
				<Anchors>
					<Anchor point="TOPLEFT" x="23" y="-105" />
				</Anchors>
			</Button>
			<Button parentKey="MenuItem2" inherits="AltoAgendaMenuItemTemplate" id="2" hidden="true">
				<Anchors>
					<Anchor point="TOPLEFT" relativeKey="$parent.MenuItem1" relativePoint="BOTTOMLEFT" x="0" y="0" />
				</Anchors>
			</Button>
			<Button parentKey="MenuItem3" inherits="AltoAgendaMenuItemTemplate" id="3" hidden="true">
				<Anchors>
					<Anchor point="TOPLEFT" relativeKey="$parent.MenuItem2" relativePoint="BOTTOMLEFT" x="0" y="0" />
				</Anchors>
			</Button>
			<Button parentKey="MenuItem4" inherits="AltoAgendaMenuItemTemplate" id="4" hidden="true">
				<Anchors>
					<Anchor point="TOPLEFT" relativeKey="$parent.MenuItem3" relativePoint="BOTTOMLEFT" x="0" y="0" />
				</Anchors>
			</Button>
			<Button parentKey="MenuItem5" inherits="AltoAgendaMenuItemTemplate" id="5" hidden="true">
				<Anchors>
					<Anchor point="TOPLEFT" relativeKey="$parent.MenuItem4" relativePoint="BOTTOMLEFT" x="0" y="0" />
				</Anchors>
			</Button>
		</Frames>
		<Scripts>
			<OnLoad>
				Altoholic.Tabs.Agenda:OnLoad()
			</OnLoad>
		</Scripts>
	</Frame>

</Ui>