﻿<Ui xmlns:xsi="http://www.w3.org/2001/XMLSchema-instance" xmlns:xsd="http://www.w3.org/2001/XMLSchema" xmlns="http://www.blizzard.com/wow/ui/">
	<Script file="Contacts.lua"></Script>

	<Button name="AltoContactEntryTemplate" hidden="true" virtual="true">
		<Size x="615" y="41" />
		<Layers>
			<Layer level="BACKGROUND">
				<FontString name="$parentName" inherits="GameFontNormal" justifyH="LEFT">
					<Size x="240" y="14" />
					<Anchors>
						<Anchor point="TOPLEFT" x="53" y="0" />
					</Anchors>
				</FontString>
				<FontString name="$parentNote" inherits="GameFontNormal" justifyH="CENTER">
					<Size x="220" y="10" />
					<Anchors>
						<Anchor point="TOPLEFT" relativeTo="$parentName" relativePoint="BOTTOMLEFT" x="0" y="2" />
					</Anchors>
				</FontString>
			</Layer>
		</Layers>
	</Button>
	
	<Frame name="AltoholicFrameContacts" parent="AltoholicTabAgenda" hidden="true">
		<Size x="615" y="306" />
		<Anchors>
			<Anchor point="TOPRIGHT" x="39" y="-105" />
		</Anchors>
		<Frames>
			<ScrollFrame name="$parentScrollFrame" inherits="AltoBaseScrollFrameTemplate">
				<Scripts>
					<OnVerticalScroll>
						self:OnVerticalScroll(offset, 41, Altoholic.Contacts.Update)
					</OnVerticalScroll>
				</Scripts>
			</ScrollFrame>
			
			<Button name="$parentEntry1" inherits="AltoContactEntryTemplate">
				<Anchors>
					<Anchor point="TOPLEFT" relativeTo="$parentScrollFrame" relativePoint="TOPLEFT" x="0" y="0" />
				</Anchors>
			</Button>
			<Button name="$parentEntry2" inherits="AltoContactEntryTemplate">
				<Anchors>
					<Anchor point="TOPLEFT" relativeTo="$parentEntry1" relativePoint="BOTTOMLEFT" />
				</Anchors>
			</Button>
			<Button name="$parentEntry3" inherits="AltoContactEntryTemplate">
				<Anchors>
					<Anchor point="TOPLEFT" relativeTo="$parentEntry2" relativePoint="BOTTOMLEFT" />
				</Anchors>
			</Button>
			<Button name="$parentEntry4" inherits="AltoContactEntryTemplate">
				<Anchors>
					<Anchor point="TOPLEFT" relativeTo="$parentEntry3" relativePoint="BOTTOMLEFT" />
				</Anchors>
			</Button>
			<Button name="$parentEntry5" inherits="AltoContactEntryTemplate">
				<Anchors>
					<Anchor point="TOPLEFT" relativeTo="$parentEntry4" relativePoint="BOTTOMLEFT" />
				</Anchors>
			</Button>
			<Button name="$parentEntry6" inherits="AltoContactEntryTemplate">
				<Anchors>
					<Anchor point="TOPLEFT" relativeTo="$parentEntry5" relativePoint="BOTTOMLEFT" />
				</Anchors>
			</Button>
			<Button name="$parentEntry7" inherits="AltoContactEntryTemplate">
				<Anchors>
					<Anchor point="TOPLEFT" relativeTo="$parentEntry6" relativePoint="BOTTOMLEFT" />
				</Anchors>
			</Button>
		</Frames>
		<Scripts>
			<OnLoad>
				Altoholic.Contacts:OnLoad()
			</OnLoad>
		</Scripts>
	</Frame>
	
</Ui>