﻿<Ui xmlns:xsi="http://www.w3.org/2001/XMLSchema-instance" xmlns:xsd="http://www.w3.org/2001/XMLSchema" xmlns="http://www.blizzard.com/wow/ui/">
	<Script file="Quests.lua"></Script>

	<Button name="AltoQuestEntryTemplate" virtual="true">
		<Size x="615" y="22" />
		<Layers>
			<Layer level="BACKGROUND">
				<FontString name="$parentTag" inherits="GameFontNormalSmall" justifyH="LEFT">
					<Size x="70" y="18" />
					<Anchors>
						<Anchor point="TOPLEFT" x="225" y="0" />
					</Anchors>
				</FontString>
				<FontString name="$parentStatus" inherits="GameFontNormalSmall" justifyH="LEFT">
					<Size x="70" y="18" />
					<Anchors>
						<Anchor point="BOTTOMLEFT" relativeTo="$parentTag" relativePoint="BOTTOMRIGHT" x="10" y="0" />
					</Anchors>
				</FontString>
				<FontString name="$parentMoney" inherits="GameFontNormalSmall" justifyH="RIGHT">
					<Size x="100" y="18" />
					<Anchors>
						<Anchor point="TOPRIGHT" x="-100" y="0" />
					</Anchors>
				</FontString>
			</Layer>
		</Layers>
		<Frames>
			<Button name="$parentCollapse" hidden="true">
				<Size x="16" y="16" />
				<Anchors>
					<Anchor point="LEFT" x="5" y="0" />
				</Anchors>
				<Scripts>
					<OnClick>
						Altoholic.Quests:Collapse_OnClick(self, button)
					</OnClick>
				</Scripts>
				<NormalTexture name="$parentIcon" file="Interface\Buttons\UI-MinusButton-UP" />
				<HighlightTexture file="Interface\Buttons\UI-PlusButton-Hilight" alphaMode="ADD" />
			</Button>
			<Button name="$parentQuestLink" id="1">
				<Size x="200" y="18" />
				<Anchors>
					<Anchor point="TOPLEFT" x="15" y="0" />
				</Anchors>
				<ButtonText name="$parentNormalText" justifyH="LEFT">
					<Size x="200" y="18" />
					<Anchors>
						<Anchor point="LEFT" x="0" y="0" />
					</Anchors>
				</ButtonText>
				<Scripts>
					<OnEnter>
						Altoholic.Quests:Link_OnEnter(self)
					</OnEnter>
					<OnLeave>
						GameTooltip:Hide();
					</OnLeave>
					<OnClick>
						Altoholic.Quests:Link_OnClick(self, button)
					</OnClick>
				</Scripts>		
				<NormalFont style="GameFontNormalSmallLeft"/>
			</Button>
		</Frames>
	</Button>
	
	<Frame name="AltoholicFrameQuests" parent="AltoholicTabCharacters" hidden="true">
		<Size x="615" y="306" />
		<Anchors>
			<Anchor point="TOPRIGHT" x="39" y="-105" />
		</Anchors>
		<Frames>
			<ScrollFrame name="$parentScrollFrame" inherits="AltoBaseScrollFrameTemplate">
				<Scripts>
					<OnVerticalScroll>
						self:OnVerticalScroll(offset, 18, Altoholic.Quests.Update)
					</OnVerticalScroll>
				</Scripts>
				<!--
				<KeyValues>
					<KeyValue key="numRows" value="14" type="number" />
					<KeyValue key="rowTemplate" value="AltoQuestEntryTemplate" />
				</KeyValues>
				-->
			</ScrollFrame>
			
			<Button name="$parentEntry1" inherits="AltoQuestEntryTemplate">
				<Anchors>
					<Anchor point="TOPLEFT" relativeTo="$parentScrollFrame" relativePoint="TOPLEFT" x="0" y="0" />
				</Anchors>
			</Button>
			<Button name="$parentEntry2" inherits="AltoQuestEntryTemplate">
				<Anchors>
					<Anchor point="TOPLEFT" relativeTo="$parentEntry1" relativePoint="BOTTOMLEFT" />
				</Anchors>
			</Button>
			<Button name="$parentEntry3" inherits="AltoQuestEntryTemplate">
				<Anchors>
					<Anchor point="TOPLEFT" relativeTo="$parentEntry2" relativePoint="BOTTOMLEFT" />
				</Anchors>
			</Button>
			<Button name="$parentEntry4" inherits="AltoQuestEntryTemplate">
				<Anchors>
					<Anchor point="TOPLEFT" relativeTo="$parentEntry3" relativePoint="BOTTOMLEFT" />
				</Anchors>
			</Button>
			<Button name="$parentEntry5" inherits="AltoQuestEntryTemplate">
				<Anchors>
					<Anchor point="TOPLEFT" relativeTo="$parentEntry4" relativePoint="BOTTOMLEFT" />
				</Anchors>
			</Button>
			<Button name="$parentEntry6" inherits="AltoQuestEntryTemplate">
				<Anchors>
					<Anchor point="TOPLEFT" relativeTo="$parentEntry5" relativePoint="BOTTOMLEFT" />
				</Anchors>
			</Button>
			<Button name="$parentEntry7" inherits="AltoQuestEntryTemplate">
				<Anchors>
					<Anchor point="TOPLEFT" relativeTo="$parentEntry6" relativePoint="BOTTOMLEFT" />
				</Anchors>
			</Button>
			<Button name="$parentEntry8" inherits="AltoQuestEntryTemplate">
				<Anchors>
					<Anchor point="TOPLEFT" relativeTo="$parentEntry7" relativePoint="BOTTOMLEFT" />
				</Anchors>
			</Button>
			<Button name="$parentEntry9" inherits="AltoQuestEntryTemplate">
				<Anchors>
					<Anchor point="TOPLEFT" relativeTo="$parentEntry8" relativePoint="BOTTOMLEFT" />
				</Anchors>
			</Button>
			<Button name="$parentEntry10" inherits="AltoQuestEntryTemplate">
				<Anchors>
					<Anchor point="TOPLEFT" relativeTo="$parentEntry9" relativePoint="BOTTOMLEFT" />
				</Anchors>
			</Button>
			<Button name="$parentEntry11" inherits="AltoQuestEntryTemplate">
				<Anchors>
					<Anchor point="TOPLEFT" relativeTo="$parentEntry10" relativePoint="BOTTOMLEFT" />
				</Anchors>
			</Button>
			<Button name="$parentEntry12" inherits="AltoQuestEntryTemplate">
				<Anchors>
					<Anchor point="TOPLEFT" relativeTo="$parentEntry11" relativePoint="BOTTOMLEFT" />
				</Anchors>
			</Button>
			<Button name="$parentEntry13" inherits="AltoQuestEntryTemplate">
				<Anchors>
					<Anchor point="TOPLEFT" relativeTo="$parentEntry12" relativePoint="BOTTOMLEFT" />
				</Anchors>
			</Button>
			<Button name="$parentEntry14" inherits="AltoQuestEntryTemplate">
				<Anchors>
					<Anchor point="TOPLEFT" relativeTo="$parentEntry13" relativePoint="BOTTOMLEFT" />
				</Anchors>
			</Button>
		</Frames>
	</Frame>

</Ui>