﻿<Ui xmlns:xsi="http://www.w3.org/2001/XMLSchema-instance" xmlns:xsd="http://www.w3.org/2001/XMLSchema" xmlns="http://www.blizzard.com/wow/ui/">
	<Script file="Recipes.lua"></Script>

 	<Button name="AltoCraftReagentTemplate" virtual="true">
		<Size x="18" y="18" />
		<Layers>
			<Layer level="BORDER">
				<Texture name="$parentIconTexture"/>
				<FontString name="$parentCount" inherits="NumberFontNormal" justifyH="RIGHT" hidden="true">
					<Anchors>
						<Anchor point="BOTTOMLEFT" relativeTo="$parent" relativePoint="BOTTOMRIGHT" x="2" y="1" />
					</Anchors>
				</FontString>
			</Layer>
		</Layers>
		<Scripts>
			<OnEnter>
				local id = self:GetID()
				local _, link = GetItemInfo(id)
				if not link then return end
				
				GameTooltip:SetOwner(self, "ANCHOR_LEFT");
				GameTooltip:SetHyperlink(link);
				GameTooltip:Show();
			</OnEnter>
			<OnLeave>
				GameTooltip:Hide();
			</OnLeave>
			<OnClick>
				local id = self:GetID()
				local _, link = GetItemInfo(id)
				if not link then return end

				if ( button == "LeftButton" ) and ( IsShiftKeyDown() ) then
					local chat = ChatEdit_GetLastActiveWindow()
					if chat:IsShown() then
						chat:Insert(link)
					end
				end
			</OnClick>
		</Scripts>
		<PushedTexture file="Interface\Buttons\UI-Quickslot-Depress"/>
		<HighlightTexture file="Interface\Buttons\ButtonHilight-Square" alphaMode="ADD"/>
	</Button>	
	
	<Button name="AltoRecipesEntryTemplate" virtual="true">
		<Size x="615" y="22" />
		<Frames>
			<Button name="$parentCollapse" hidden="true">
				<Size x="16" y="16" />
				<Anchors>
					<Anchor point="LEFT" x="5" y="0" />
				</Anchors>
				<Scripts>
					<OnClick>
						Altoholic.TradeSkills.Recipes:Collapse_OnClick(self, button)
					</OnClick>
				</Scripts>
				<NormalTexture name="$parentIcon" file="Interface\Buttons\UI-MinusButton-UP" />
				<HighlightTexture file="Interface\Buttons\UI-PlusButton-Hilight" alphaMode="ADD" />
			</Button>
			
		 	<Button name="$parentCraft" inherits="AltoCraftReagentTemplate">
				<Anchors>
					<Anchor point="TOPLEFT" x="10" y="0" />
				</Anchors>
			</Button>
			<Button name="$parentRecipeLink" id="1">
				<Size x="270" y="18" />
				<Anchors>
					<Anchor point="TOPLEFT" x="32" y="0" />
				</Anchors>
				<ButtonText name="$parentNormalText" justifyH="LEFT">
					<Size x="270" y="18" />
					<Anchors>
						<Anchor point="LEFT" x="0" y="0" />
					</Anchors>
				</ButtonText>
				<Scripts>
					<OnEnter>
						Altoholic.TradeSkills.Recipes:RecipeLink_OnEnter(self)
					</OnEnter>
					<OnLeave>
						GameTooltip:Hide();
					</OnLeave>
					<OnClick>
						Altoholic.TradeSkills.Recipes:RecipeLink_OnClick(self, button)
					</OnClick>
				</Scripts>		
				<NormalFont style="GameFontNormalSmallLeft"/>
			</Button>
			<Button name="$parentItem1" inherits="AltoCraftReagentTemplate">
				<Anchors>
					<Anchor point="TOPLEFT" relativeTo="$parentRecipeLink" relativePoint="TOPRIGHT" x="20" y="0" />
				</Anchors>
			</Button>
			<Button name="$parentItem2" inherits="AltoCraftReagentTemplate">
				<Anchors>
					<Anchor point="TOPLEFT" relativeTo="$parentItem1" relativePoint="TOPRIGHT" x="20" y="0" />
				</Anchors>
			</Button>
			<Button name="$parentItem3" inherits="AltoCraftReagentTemplate">
				<Anchors>
					<Anchor point="TOPLEFT" relativeTo="$parentItem2" relativePoint="TOPRIGHT" x="20" y="0" />
				</Anchors>
			</Button>
			<Button name="$parentItem4" inherits="AltoCraftReagentTemplate">
				<Anchors>
					<Anchor point="TOPLEFT" relativeTo="$parentItem3" relativePoint="TOPRIGHT" x="20" y="0" />
				</Anchors>
			</Button>
			<Button name="$parentItem5" inherits="AltoCraftReagentTemplate">
				<Anchors>
					<Anchor point="TOPLEFT" relativeTo="$parentItem4" relativePoint="TOPRIGHT" x="20" y="0" />
				</Anchors>
			</Button>
			<Button name="$parentItem6" inherits="AltoCraftReagentTemplate">
				<Anchors>
					<Anchor point="TOPLEFT" relativeTo="$parentItem5" relativePoint="TOPRIGHT" x="20" y="0" />
				</Anchors>
			</Button>
			<Button name="$parentItem7" inherits="AltoCraftReagentTemplate">
				<Anchors>
					<Anchor point="TOPLEFT" relativeTo="$parentItem6" relativePoint="TOPRIGHT" x="20" y="0" />
				</Anchors>
			</Button>
			<Button name="$parentItem8" inherits="AltoCraftReagentTemplate">
				<Anchors>
					<Anchor point="TOPLEFT" relativeTo="$parentItem7" relativePoint="TOPRIGHT" x="20" y="0" />
				</Anchors>
			</Button>
		</Frames>
	</Button>
	
	<Frame name="AltoholicFrameRecipes" parent="AltoholicTabCharacters" hidden="true">
		<Size x="615" y="306" />
		<Anchors>
			<Anchor point="TOPRIGHT" x="39" y="-105" />
		</Anchors>
		<Frames>
			<Frame name="$parentInfo">
				<Size x="200" y="60" />
				<Anchors>
					<Anchor point="LEFT" relativeTo="AltoholicFrameSearchLabel" relativePoint="RIGHT" x="40" y="-20" />
				</Anchors>
				<Layers>
					<Layer level="OVERLAY">
						<FontString name="$parent_CollapseAllText" inherits="GameFontNormalSmall" justifyH="LEFT" text="ALL">
							<Size x="50" y="20" />
							<Anchors>
								<Anchor point="TOPLEFT" x="420" y="-13" />
							</Anchors>
							<Color r="255" g="255" b="255" />
						</FontString>
					</Layer>
				</Layers>
				<Frames>
					<Button name="$parent_ToggleAll">
						<Size x="16" y="16" />
						<Anchors>
							<Anchor point="TOPLEFT" x="400" y="-15" />
						</Anchors>
						<Scripts>
							<OnClick>
								Altoholic.TradeSkills.Recipes:ToggleAll(self)
							</OnClick>
						</Scripts>
						<NormalTexture name="$parentIcon" file="Interface\Buttons\UI-MinusButton-UP" />
						<HighlightTexture file="Interface\Buttons\UI-PlusButton-Hilight" alphaMode="ADD" />
					</Button>
					<Button name="$parent_LinkButton">
						<Size x="32" y="16" />
						<Anchors>
							<Anchor point="LEFT" relativeTo="$parent_CollapseAllText" relativePoint="RIGHT" x="5" y="0" />
						</Anchors>
						<Scripts>
							<OnClick>
								Altoholic.TradeSkills.Recipes:Link_OnClick(self, button)
							</OnClick>
							<OnEnter>
								GameTooltip:SetOwner(self,"ANCHOR_TOPLEFT");
								GameTooltip:SetText(LINK_TRADESKILL_TOOLTIP, nil, nil, nil, nil, 1);
								GameTooltip:Show();
							</OnEnter>
							<OnLeave>
								GameTooltip:Hide();
							</OnLeave>
						</Scripts>
						<NormalTexture file="Interface\TradeSkillFrame\UI-TradeSkill-LinkButton">
							<TexCoords left="0" right="1.0" top="0" bottom="0.5"/>
						</NormalTexture>
						<HighlightTexture file="Interface\TradeSkillFrame\UI-TradeSkill-LinkButton" alphaMode="ADD">
							<TexCoords left="0" right="1.0" top="0.5" bottom="1.0"/>
						</HighlightTexture>
					</Button>
				</Frames>
			</Frame>
			<ScrollFrame name="$parentScrollFrame" inherits="AltoBaseScrollFrameTemplate">
				<Scripts>
					<OnVerticalScroll>
						self:OnVerticalScroll(offset, 18, Altoholic.TradeSkills.Recipes.Update)
					</OnVerticalScroll>
				</Scripts>
				<!--
				<KeyValues>
					<KeyValue key="numRows" value="14" type="number" />
					<KeyValue key="rowTemplate" value="AltoRecipesEntryTemplate" />
				</KeyValues>
				-->
			</ScrollFrame>
			
			<Button name="$parentEntry1" inherits="AltoRecipesEntryTemplate">
				<Anchors>
					<Anchor point="TOPLEFT" relativeTo="$parentScrollFrame" relativePoint="TOPLEFT" x="0" y="0" />
				</Anchors>
			</Button>
			<Button name="$parentEntry2" inherits="AltoRecipesEntryTemplate">
				<Anchors>
					<Anchor point="TOPLEFT" relativeTo="$parentEntry1" relativePoint="BOTTOMLEFT" />
				</Anchors>
			</Button>
			<Button name="$parentEntry3" inherits="AltoRecipesEntryTemplate">
				<Anchors>
					<Anchor point="TOPLEFT" relativeTo="$parentEntry2" relativePoint="BOTTOMLEFT" />
				</Anchors>
			</Button>
			<Button name="$parentEntry4" inherits="AltoRecipesEntryTemplate">
				<Anchors>
					<Anchor point="TOPLEFT" relativeTo="$parentEntry3" relativePoint="BOTTOMLEFT" />
				</Anchors>
			</Button>
			<Button name="$parentEntry5" inherits="AltoRecipesEntryTemplate">
				<Anchors>
					<Anchor point="TOPLEFT" relativeTo="$parentEntry4" relativePoint="BOTTOMLEFT" />
				</Anchors>
			</Button>
			<Button name="$parentEntry6" inherits="AltoRecipesEntryTemplate">
				<Anchors>
					<Anchor point="TOPLEFT" relativeTo="$parentEntry5" relativePoint="BOTTOMLEFT" />
				</Anchors>
			</Button>
			<Button name="$parentEntry7" inherits="AltoRecipesEntryTemplate">
				<Anchors>
					<Anchor point="TOPLEFT" relativeTo="$parentEntry6" relativePoint="BOTTOMLEFT" />
				</Anchors>
			</Button>
			<Button name="$parentEntry8" inherits="AltoRecipesEntryTemplate">
				<Anchors>
					<Anchor point="TOPLEFT" relativeTo="$parentEntry7" relativePoint="BOTTOMLEFT" />
				</Anchors>
			</Button>
			<Button name="$parentEntry9" inherits="AltoRecipesEntryTemplate">
				<Anchors>
					<Anchor point="TOPLEFT" relativeTo="$parentEntry8" relativePoint="BOTTOMLEFT" />
				</Anchors>
			</Button>
			<Button name="$parentEntry10" inherits="AltoRecipesEntryTemplate">
				<Anchors>
					<Anchor point="TOPLEFT" relativeTo="$parentEntry9" relativePoint="BOTTOMLEFT" />
				</Anchors>
			</Button>
			<Button name="$parentEntry11" inherits="AltoRecipesEntryTemplate">
				<Anchors>
					<Anchor point="TOPLEFT" relativeTo="$parentEntry10" relativePoint="BOTTOMLEFT" />
				</Anchors>
			</Button>
			<Button name="$parentEntry12" inherits="AltoRecipesEntryTemplate">
				<Anchors>
					<Anchor point="TOPLEFT" relativeTo="$parentEntry11" relativePoint="BOTTOMLEFT" />
				</Anchors>
			</Button>
			<Button name="$parentEntry13" inherits="AltoRecipesEntryTemplate">
				<Anchors>
					<Anchor point="TOPLEFT" relativeTo="$parentEntry12" relativePoint="BOTTOMLEFT" />
				</Anchors>
			</Button>
			<Button name="$parentEntry14" inherits="AltoRecipesEntryTemplate">
				<Anchors>
					<Anchor point="TOPLEFT" relativeTo="$parentEntry13" relativePoint="BOTTOMLEFT" />
				</Anchors>
			</Button>
		</Frames>
	</Frame>

</Ui>