<?xml version="1.0" encoding="UTF-8"?>
<Ui xmlns="http://www.blizzard.com/wow/ui/" xmlns:xsi="http://www.w3.org/2001/XMLSchema-instance" xsi:schemaLocation="http://www.blizzard.com/wow/ui/..\FrameXML\UI.xsd">
    <ScrollFrame name="PaperDollActionBarProfilesPane" parent="PaperDollFrame" inherits="HybridScrollFrameTemplate" hidden="true">
        <Anchors>
            <Anchor point="TOPLEFT" relativeTo="CharacterFrameInsetRight" x="4" y="-4" />
            <Anchor point="BOTTOMRIGHT" relativeTo="CharacterFrameInsetRight" x="-27" y="2" />
        </Anchors>
        <Frames>
            <Button name="$parentUseProfile" text="USE" parentKey="UseProfile" inherits="UIPanelButtonTemplate">
                <Size x="87" y="22" />
                <Anchors>
                    <Anchor point="TOPLEFT" />
                </Anchors>
                <Layers>
                    <Layer level="BACKGROUND">
                        <Texture parentKey="ButtonBackground">
                            <Anchors>
                                <Anchor point="TOPLEFT" relativeTo="PaperDollActionBarProfilesPane" />
                                <Anchor point="BOTTOMRIGHT" relativeTo="PaperDollActionBarProfilesPane" relativePoint="TOPRIGHT" x="0" y="-23" />
                            </Anchors>
                            <Color r="0" g="0" b="0" />
                        </Texture>
                    </Layer>
                </Layers>
                <Scripts>
                    <OnClick><![CDATA[
                        self:GetParent():OnUseClick()
                    ]]></OnClick>
                </Scripts>
            </Button>
            <Button name="$parentSaveProfile" text="SAVE" parentKey="SaveProfile" inherits="UIPanelButtonTemplate">
                <Size x="87" y="22" />
                <Anchors>
                    <Anchor point="LEFT" relativeTo="$parentUseProfile" relativePoint="RIGHT" />
                </Anchors>
                <Scripts>
                    <OnClick><![CDATA[
                        self:GetParent():OnSaveClick()
                    ]]></OnClick>
                </Scripts>
            </Button>
            <Slider name="$parentScrollBar" inherits="HybridScrollBarTemplate" parentKey="scrollBar">
                <Anchors>
                    <Anchor point="TOPLEFT" relativePoint="TOPRIGHT" x="4" y="-13" />
                    <Anchor point="BOTTOMLEFT" relativePoint="BOTTOMRIGHT" x="4" y="14" />
                </Anchors>
            </Slider>
        </Frames>
        <Scripts>
            <OnShow><![CDATA[
                self:OnShow()
            ]]></OnShow>
            <OnHide><![CDATA[
                self:OnHide()
            ]]></OnHide>
            <OnUpdate><![CDATA[
                self:OnUpdate()
            ]]></OnUpdate>
        </Scripts>
    </ScrollFrame>
    <Button name="ActionBarProfileButtonTemplate" virtual="true">
        <Size x="169" y="44" />
        <Anchors>
            <Anchor point="LEFT" x="2" y="0" />
        </Anchors>
        <Layers>
            <Layer level="BACKGROUND">
                <Texture name="$parentBgTop" inherits="Char-Stat-Top" parentKey="BgTop">
                    <Anchors>
                        <Anchor point="TOPLEFT" x="0" y="1" />
                    </Anchors>
                </Texture>
                <Texture name="$parentBgBottom" inherits="Char-Stat-Top" parentKey="BgBottom">
                    <Anchors>
                        <Anchor point="BOTTOMLEFT" x="0" y="-4" />
                    </Anchors>
                </Texture>
                <Texture name="$parentBgMiddle" file="Interface\CharacterFrame\Char-Stat-Middle" parentKey="BgMiddle" vertTile="true">
                    <Size x="169" y="8" />
                    <Anchors>
                        <Anchor point="LEFT" x="1" />
                    </Anchors>
                    <TexCoords left="0.00390625" right="0.66406250" top="0.00000000" bottom="1.00000000" />
                </Texture>
            </Layer>
            <Layer level="BACKGROUND" textureSubLevel="1">
                <Texture name="$parentStripe" parentKey="Stripe">
                    <Anchors>
                        <Anchor point="TOPLEFT" x="1" y="0" />
                        <Anchor point="BOTTOMRIGHT" />
                    </Anchors>
                </Texture>
            </Layer>
            <Layer level="ARTWORK">
                <FontString name="$parentText" inherits="GameFontNormalLeft" parentKey="text">
                    <Size x="98" y="38" />
                    <Anchors>
                        <Anchor point="LEFT" x="44" />
                    </Anchors>
                </FontString>
            </Layer>
            <Layer level="OVERLAY" textureSubLevel="-1">
                <Texture name="$parentHighlightBar" parentKey="HighlightBar" file="Interface\FriendsFrame\UI-FriendsFrame-HighlightBar-Blue" alpha="0.4" alphaMode="ADD" hidden="true">
                    <TexCoords left="0.2" right="0.8" top="0" bottom="1" />
                </Texture>
            </Layer>
            <Layer level="OVERLAY">
                <Texture name="$parentSelectedBar" parentKey="SelectedBar" file="Interface\FriendsFrame\UI-FriendsFrame-HighlightBar" alpha="0.4" alphaMode="ADD" hidden="true">
                    <TexCoords left="0.2" right="0.8" top="0" bottom="1" />
                </Texture>
            </Layer>
        </Layers>
        <Frames>
            <Button name="$parentDeleteButton" parentKey="DeleteButton" hidden="true">
                <Size x="14" y="14" />
                <Anchors>
                    <Anchor point="BOTTOMRIGHT" x="-2" y="2" />
                </Anchors>
                <Layers>
                    <Layer level="ARTWORK">
                        <Texture file="Interface\Buttons\UI-GroupLoot-Pass-Up" alpha="0.5" parentKey="texture" />
                    </Layer>
                </Layers>
                <Scripts>
                    <OnEnter><![CDATA[
                        self.texture:SetAlpha(1.0)
                        GameTooltip:SetOwner(self, "ANCHOR_RIGHT")
                        GameTooltip:SetText(DELETE)
                    ]]></OnEnter>
                    <OnLeave><![CDATA[
                        self.texture:SetAlpha(0.5)
                        GameTooltip_Hide()
                    ]]></OnLeave>
                    <OnMouseDown><![CDATA[
                        self.texture:SetPoint("TOPLEFT", 1, -1)
                    ]]></OnMouseDown>
                    <OnMouseUp><![CDATA[
                        self.texture:SetPoint("TOPLEFT", 0, 0)
                    ]]></OnMouseUp>
                    <OnClick><![CDATA[
                        PaperDollActionBarProfilesPane:OnDeleteClick(self:GetParent())
                    ]]></OnClick>
                </Scripts>
            </Button>
            <Button name="$parentEditButton" parentKey="EditButton" hidden="true">
                <Size x="16" y="16" />
                <Anchors>
                    <Anchor point="RIGHT" relativeTo="$parentDeleteButton" relativePoint="LEFT" x="-1" />
                </Anchors>
                <Layers>
                    <Layer level="ARTWORK">
                        <Texture file="Interface\WorldMap\GEAR_64GREY" alpha="0.5" parentKey="texture" />
                    </Layer>
                </Layers>
                <Scripts>
                    <OnEnter><![CDATA[
                        self.texture:SetAlpha(1.0)
                        GameTooltip:SetOwner(self, "ANCHOR_RIGHT")
                        GameTooltip:SetText(EDIT)
                    ]]></OnEnter>
                    <OnLeave><![CDATA[
                        self.texture:SetAlpha(0.5)
                        GameTooltip_Hide()
                    ]]></OnLeave>
                    <OnMouseDown><![CDATA[
                        self.texture:SetPoint("TOPLEFT", 1, -1)
                    ]]></OnMouseDown>
                    <OnMouseUp><![CDATA[
                        self.texture:SetPoint("TOPLEFT", 0, 0)
                    ]]></OnMouseUp>
                    <OnClick><![CDATA[
                        PaperDollActionBarProfilesPane:OnEditClick(self:GetParent())
                    ]]></OnClick>
                </Scripts>
            </Button>
        </Frames>
        <NormalTexture name="$parentIcon" parentKey="icon">
            <Size x="36" y="36" />
            <Anchors>
                <Anchor point="LEFT" x="4" y="0" />
            </Anchors>
        </NormalTexture>
        <Scripts>
            <OnLoad><![CDATA[
                SetClampedTextureRotation(self.BgBottom, 180)
            ]]></OnLoad>
            <OnDoubleClick><![CDATA[
                PaperDollActionBarProfilesPane:OnProfileDoubleClick(self)
            ]]></OnDoubleClick>
            <OnClick><![CDATA[
                PaperDollActionBarProfilesPane:OnProfileClick(self)
            ]]></OnClick>
        </Scripts>
    </Button>
</Ui>
